action;période;cabinet;budget estimé;clients;"score" de l'action;représentants visés;secteurs;classif

Promouvoir le dispositif ma Ville se Ligue contre le Cancer aux collectivités du Nord (Communes et Agglomérations);01-01-2023-31-12-2023;COMITÉ DU NORD DE LA LIGUE CONTRE LE CANCER;2647.1€;['COMITÉ DU NORD DE LA LIGUE CONTRE LE CANCER'];18;['Agent de l’État, d’un centre hospitalier, ou d’une collectivité territoriale', 'Agent de l’État, d’un centre hospitalier, ou d’une collectivité territoriale', "Élu ou membre de cabinet d'une collectivité territoriale", 'Agent de l’État, d’un centre hospitalier, ou d’une collectivité territoriale'];['Santé'];prive:0.0;syndicat:0.0;public:100.0;collectivite:0.0
Dénormaliser le tabac dans les espaces publics plus particulièrement vers les jeunes publics.;01-01-2023-31-12-2023;LIGUE CONTRE LE CANCER DE L'ESSONNE;2750.0€;["LIGUE CONTRE LE CANCER DE L'ESSONNE"];11;['Agent de l’État, d’un centre hospitalier, ou d’une collectivité territoriale', 'Agent de l’État, d’un centre hospitalier, ou d’une collectivité territoriale'];['Santé'];prive:0.0;syndicat:0.0;public:100.0;collectivite:0.0
Sensibiliser les parlementaires et l'administration à adopter des politiques publiques favorables à la lutte contre le VIH;01-01-2023-31-12-2023;AIDES;33846.2€;['AIDES'];16;['Député, sénateur, collaborateur, agents des services des assemblées', 'Membre du Gouvernement ou membre de cabinet ministériel', 'Premier ministre', 'Direction autorité administrative ou publique indépendante'];['Enseignement supérieur, recherche, innovation', 'Emploi, solidarité', 'Santé', 'Questions migratoires', 'Education, enseignement, formation'];prive:0.0;syndicat:0.0;public:100.0;collectivite:0.0
Publier le décret d'application relatif à la réduction des risques en milieu carcéral
;01-01-2023-31-12-2023;AIDES;19038.5€;['AIDES'];9;['Député, sénateur, collaborateur, agents des services des assemblées'];['Santé'];prive:0.0;syndicat:0.0;public:100.0;collectivite:0.0
Partager les engagements et les actions de Philip Morris France dans le cadre du renforcement de la lutte contre la contrebande et la contrefaçon des produits de tabac;01-01-2023-31-12-2023;THOMAS MARKO & ASSOCIÉS;4687.5€;['PHILIP MORRIS FRANCE'];11;["Titulaire d'un emploi à la décision du Gouvernement", 'Député, sénateur, collaborateur, agents des services des assemblées', 'Membre du Gouvernement ou membre de cabinet ministériel'];['Défense, sécurité', 'Santé'];prive:100.0;syndicat:0.0;public:0.0;collectivite:0.0
Revenir au plafonnement de fiscalité du tabac dans le PLFSS;01-01-2023-31-12-2023;THOMAS MARKO & ASSOCIÉS;3835.2€;['PHILIP MORRIS FRANCE'];9;['Député, sénateur, collaborateur, agents des services des assemblées'];['Finances publiques'];prive:100.0;syndicat:0.0;public:0.0;collectivite:0.0
Renforcer les sanctions encourues pour le trafic de cigarettes contrefaites et revoir la hiérarchie des délits au sein de l'article 414;01-01-2023-31-12-2023;THOMAS MARKO & ASSOCIÉS;4261.4€;['PHILIP MORRIS FRANCE'];10;['Député, sénateur, collaborateur, agents des services des assemblées', 'Membre du Gouvernement ou membre de cabinet ministériel'];['Défense, sécurité', 'Justice'];prive:100.0;syndicat:0.0;public:0.0;collectivite:0.0
Elargir le champ de l'AFD aux infractions liées à l'achat et à la détention de produits de tabac contrefaits acquis dans les réseaux de distribution illicites;01-01-2023-31-12-2023;THOMAS MARKO & ASSOCIÉS;3835.2€;['PHILIP MORRIS FRANCE'];9;['Député, sénateur, collaborateur, agents des services des assemblées'];['Défense, sécurité', 'Justice'];prive:100.0;syndicat:0.0;public:0.0;collectivite:0.0
Permettre aux agents de police municipale de constater par procès-verbal la contravention d'acquisition de produits du tabac manufacturé vendus à la sauvette;01-01-2023-31-12-2023;THOMAS MARKO & ASSOCIÉS;4261.4€;['PHILIP MORRIS FRANCE'];10;['Député, sénateur, collaborateur, agents des services des assemblées'];['Défense, sécurité', 'Justice'];prive:100.0;syndicat:0.0;public:0.0;collectivite:0.0
Partager les engagements et les actions de Philip Morris France dans le cadre du renforcement de la lutte contre la contrebande et la contrefaçon des produits du tabac.
;01-01-2023-31-12-2023;RHÉA;403.8€;['PHILIP MORRIS FRANCE', 'TMA'];12;["Titulaire d'un emploi à la décision du Gouvernement", 'Député, sénateur, collaborateur, agents des services des assemblées', 'Membre du Gouvernement ou membre de cabinet ministériel'];['Défense, sécurité', 'Santé'];prive:100.0;syndicat:0.0;public:0.0;collectivite:0.0
Permettre aux agents de police municipale de constater par procès‑verbal la contravention d'acquisition de produits du tabac manufacturé vendus à la sauvette ;01-01-2023-31-12-2023;RHÉA;370.2€;['PHILIP MORRIS FRANCE', 'TMA'];11;['Député, sénateur, collaborateur, agents des services des assemblées'];['Défense, sécurité', 'Justice'];prive:100.0;syndicat:0.0;public:0.0;collectivite:0.0
Élargir le champ de l'AFD aux infractions liées à l’achat et à la détention de produits du tabac contrefaits acquis dans les réseaux de distribution illicites.
;01-01-2023-31-12-2023;RHÉA;336.5€;['PHILIP MORRIS FRANCE', 'TMA'];10;['Député, sénateur, collaborateur, agents des services des assemblées'];['Défense, sécurité', 'Justice'];prive:100.0;syndicat:0.0;public:0.0;collectivite:0.0
Renforcer les sanctions encourues pour le trafic de cigarettes contrefaites et revoir la hiérarchie des délits au sein de l’article 414.;01-01-2023-31-12-2023;RHÉA;370.2€;['PHILIP MORRIS FRANCE', 'TMA'];11;['Député, sénateur, collaborateur, agents des services des assemblées', 'Membre du Gouvernement ou membre de cabinet ministériel'];['Défense, sécurité', 'Justice'];prive:100.0;syndicat:0.0;public:0.0;collectivite:0.0
Revenir au plafonnement de fiscalité du tabac dans le PLFSS.
;01-01-2023-31-12-2023;RHÉA;336.5€;['PHILIP MORRIS FRANCE', 'TMA'];10;['Député, sénateur, collaborateur, agents des services des assemblées'];['Finances publiques'];prive:100.0;syndicat:0.0;public:0.0;collectivite:0.0
Accises des produits du tabac - Eviter la mise en place d'une taxe sur les produits du vapotage;01-01-2023-31-12-2023;ARCTURUS GROUP;158.7€;['COLLECTIF DES ACTEURS DE LA CIGARETTE ELECTRONIQUE'];12;['Collaborateur du Président de la République', 'Membre du Gouvernement ou membre de cabinet ministériel'];['Santé'];prive:100.0;syndicat:0.0;public:0.0;collectivite:0.0
PPL visant à interdire les Puffs - Fonder l'interdiction sur des raisons environnementales plutôt que de santé publique;01-01-2023-31-12-2023;ARCTURUS GROUP;185.2€;['COLLECTIF DES ACTEURS DE LA CIGARETTE ELECTRONIQUE'];14;['Collaborateur du Président de la République', 'Député, sénateur, collaborateur, agents des services des assemblées', 'Membre du Gouvernement ou membre de cabinet ministériel', 'Premier ministre'];['Santé'];prive:100.0;syndicat:0.0;public:0.0;collectivite:0.0
PPL visant à interdire les Puffs - Fonder l'interdiction sur des raisons environnementales plutôt que de santé publique;01-01-2023-31-12-2023;FIVAPE - FÉDÉRATION INTERPROFESSIONNELLE DE LA VAPE;52500.0€;['FIVAPE - FÉDÉRATION INTERPROFESSIONNELLE DE LA VAPE'];14;['Collaborateur du Président de la République', 'Député, sénateur, collaborateur, agents des services des assemblées', 'Membre du Gouvernement ou membre de cabinet ministériel', 'Premier ministre'];['Santé'];prive:100.0;syndicat:0.0;public:0.0;collectivite:0.0
Plan National de Lutte contre le Tabac - inclure les produits du vapotage parmi les outils de sevrage tabagique;01-01-2023-31-12-2023;ARCTURUS GROUP;172.0€;['COLLECTIF DES ACTEURS DE LA CIGARETTE ELECTRONIQUE'];13;['Collaborateur du Président de la République', 'Membre du Gouvernement ou membre de cabinet ministériel', 'Premier ministre'];['Santé'];prive:100.0;syndicat:0.0;public:0.0;collectivite:0.0
Plan National de Lutte contre le Tabac - inclure les produits du vapotage parmi les outils de sevrage tabagique;01-01-2023-31-12-2023;FIVAPE - FÉDÉRATION INTERPROFESSIONNELLE DE LA VAPE;52500.0€;['FIVAPE - FÉDÉRATION INTERPROFESSIONNELLE DE LA VAPE'];14;['Collaborateur du Président de la République', 'Membre du Gouvernement ou membre de cabinet ministériel', 'Premier ministre'];['Santé'];prive:100.0;syndicat:0.0;public:0.0;collectivite:0.0
Dans le cadre du projet de loi douanes, impliquer davantage les plateformes de partage de contenus en ligne dans la lutte contre la vente illégale de produits du tabac;01-01-2023-31-12-2023;COMMUNICATION & INSTITUTIONS;50.1€;['JT INTERNATIONAL FRANCE'];11;['Député, sénateur, collaborateur, agents des services des assemblées'];['Concurrence, consommation', 'Numérique'];prive:100.0;syndicat:0.0;public:0.0;collectivite:0.0
Dans le cadre du projet de loi douane, donner aux agents de police municipale le pouvoir de constater l’infraction de vente à la sauvette;01-01-2023-31-12-2023;COMMUNICATION & INSTITUTIONS;50.1€;['JT INTERNATIONAL FRANCE'];11;['Député, sénateur, collaborateur, agents des services des assemblées'];['Concurrence, consommation', 'Défense, sécurité'];prive:100.0;syndicat:0.0;public:0.0;collectivite:0.0
Dans le cadre du projet de loi douanes, demander au Gouvernement la remise d’un rapport annuel au Parlement relatif au marché parallèle des produits du tabac en France ;01-01-2023-31-12-2023;COMMUNICATION & INSTITUTIONS;50.1€;['JT INTERNATIONAL FRANCE'];11;['Député, sénateur, collaborateur, agents des services des assemblées'];['Economie', 'Concurrence, consommation'];prive:100.0;syndicat:0.0;public:0.0;collectivite:0.0
Présenter l'état du commerce illicite de produits du tabac en France et en Europe;01-01-2023-31-12-2023;PHILIP MORRIS FRANCE;30405.4€;['PHILIP MORRIS FRANCE'];10;['Député, sénateur, collaborateur, agents des services des assemblées', 'Membre du Gouvernement ou membre de cabinet ministériel', 'Premier ministre'];['Propriété intellectuelle', 'Justice'];prive:100.0;syndicat:0.0;public:0.0;collectivite:0.0
PPL vente illicite de tabac : rédaction d’un rapport sur l’extension de l’amende forfaitaire délictuelle aux infractions liées à l’achat à la sauvette de cigarettes;01-01-2023-31-12-2023;PHILIP MORRIS FRANCE;27364.9€;['PHILIP MORRIS FRANCE'];9;['Député, sénateur, collaborateur, agents des services des assemblées'];['Justice'];prive:100.0;syndicat:0.0;public:0.0;collectivite:0.0
PJL JOP : déployer la vidéoprotection dans les lieux particulièrement exposés au trafic de produits contrefaits;01-01-2023-31-12-2023;PHILIP MORRIS FRANCE;27364.9€;['PHILIP MORRIS FRANCE'];9;['Député, sénateur, collaborateur, agents des services des assemblées'];['Justice'];prive:100.0;syndicat:0.0;public:0.0;collectivite:0.0
PJL SREN : contraindre les fournisseurs de plateformes en ligne à prendre des mesures coercitives pour prévenir la vente en ligne de produits contrefaits;01-01-2023-31-12-2023;PHILIP MORRIS FRANCE;27364.9€;['PHILIP MORRIS FRANCE'];9;['Député, sénateur, collaborateur, agents des services des assemblées'];['Justice'];prive:100.0;syndicat:0.0;public:0.0;collectivite:0.0
PPL vente illicite de tabac : étendre les compétences de la sûreté ferroviaire à la lutte contre les trafics de tabac;01-01-2023-31-12-2023;PHILIP MORRIS FRANCE;27364.9€;['PHILIP MORRIS FRANCE'];9;['Député, sénateur, collaborateur, agents des services des assemblées'];['Justice'];prive:100.0;syndicat:0.0;public:0.0;collectivite:0.0
PJL Douanes : évaluer les dépenses engagées par l’Etat et les collectivités territoriales dans le cadre de la lutte contre les trafics de tabac;01-01-2023-31-12-2023;PHILIP MORRIS FRANCE;27364.9€;['PHILIP MORRIS FRANCE'];9;['Député, sénateur, collaborateur, agents des services des assemblées'];['Justice'];prive:100.0;syndicat:0.0;public:0.0;collectivite:0.0
Cahier des charges de la filière REP pour les filtres du tabac contenant du plastique: explication du budget voté par l'éco-organisme Alcome pour l'année 2023 en réponse au cahier des charges;01-01-2023-31-12-2023;PHILIP MORRIS FRANCE;30405.4€;['PHILIP MORRIS FRANCE'];10;['Député, sénateur, collaborateur, agents des services des assemblées', 'Membre du Gouvernement ou membre de cabinet ministériel'];['Environnement'];prive:100.0;syndicat:0.0;public:0.0;collectivite:0.0
Calendrier d'homologation des prix du tabac pour 2024: réinstaurer davantage de créneaux d'homologation par rapport au calendrier prévu par les Douanes;01-01-2023-31-12-2023;PHILIP MORRIS FRANCE;27364.9€;['PHILIP MORRIS FRANCE'];9;['Agent de l’État, d’un centre hospitalier, ou d’une collectivité territoriale'];['Pouvoirs publics et institutions'];prive:100.0;syndicat:0.0;public:0.0;collectivite:0.0
Présenter des résultats de recherches scientifiques françaises et internationales sur les produits émergents de la nicotine et du tabac afin d'encourager les autorités de santé à davantage les évaluer;01-01-2023-31-12-2023;PHILIP MORRIS FRANCE;30405.4€;['PHILIP MORRIS FRANCE'];10;['Député, sénateur, collaborateur, agents des services des assemblées', 'Membre du Gouvernement ou membre de cabinet ministériel', 'Premier ministre'];['Santé'];prive:100.0;syndicat:0.0;public:0.0;collectivite:0.0
DADDUE : conserver une différenciation réglementaire entre les produits combustibles et les produits sans combustion conformément à la réglementation européenne;01-01-2023-31-12-2023;PHILIP MORRIS FRANCE;27364.9€;['PHILIP MORRIS FRANCE'];9;['Membre du Gouvernement ou membre de cabinet ministériel', 'Premier ministre'];['Concurrence, consommation'];prive:100.0;syndicat:0.0;public:0.0;collectivite:0.0
PLFSS 2024 : conserver une fiscalité différenciée entre le tabac à chauffer et la cigarette qui tient compte de la différence de nocivité entre les produits;01-01-2023-31-12-2023;PHILIP MORRIS FRANCE;30405.4€;['PHILIP MORRIS FRANCE'];10;['Député, sénateur, collaborateur, agents des services des assemblées', 'Membre du Gouvernement ou membre de cabinet ministériel', 'Premier ministre'];['Economie'];prive:100.0;syndicat:0.0;public:0.0;collectivite:0.0
PLFSS 2024 : reinstaurer un plafonnement à l'indexation de l’inflation appliquée à la fiscalité du tabac;01-01-2023-31-12-2023;PHILIP MORRIS FRANCE;27364.9€;['PHILIP MORRIS FRANCE'];9;['Membre du Gouvernement ou membre de cabinet ministériel', 'Premier ministre'];['Economie'];prive:100.0;syndicat:0.0;public:0.0;collectivite:0.0
PPL vente illicite de tabac : garantir l’effectivité des mesures de fermeture administrative;01-01-2023-31-12-2023;PHILIP MORRIS FRANCE;27364.9€;['PHILIP MORRIS FRANCE'];9;['Député, sénateur, collaborateur, agents des services des assemblées'];['Justice'];prive:100.0;syndicat:0.0;public:0.0;collectivite:0.0
PPL vente illicite de tabac : permettre à la police municipale de sanctionner l’achat à la sauvette de cigarettes;01-01-2023-31-12-2023;PHILIP MORRIS FRANCE;27364.9€;['PHILIP MORRIS FRANCE'];9;['Député, sénateur, collaborateur, agents des services des assemblées'];['Justice'];prive:100.0;syndicat:0.0;public:0.0;collectivite:0.0
PPL vente illicite de tabac : augmenter de trois à quatres années les sanctions pénales applicables à la fabrication, à la détention et au trafic de tabac;01-01-2023-31-12-2023;PHILIP MORRIS FRANCE;27364.9€;['PHILIP MORRIS FRANCE'];9;['Député, sénateur, collaborateur, agents des services des assemblées'];['Justice'];prive:100.0;syndicat:0.0;public:0.0;collectivite:0.0
PJL Douanes : harmoniser dans la législation l’augmentation des peines encourues dans le cadre de trafics de tabac ;01-01-2023-31-12-2023;PHILIP MORRIS FRANCE;27364.9€;['PHILIP MORRIS FRANCE'];9;['Député, sénateur, collaborateur, agents des services des assemblées'];['Justice'];prive:100.0;syndicat:0.0;public:0.0;collectivite:0.0
Conditionner, dans le PLFSS pour 2024, l’évolution des trajectoires fiscales « Tabac » à la réalisation d’études scientifiques relatives aux nouveaux produits du tabac.;01-01-2023-31-12-2023;LYSIOS;22.6€;['PHILIP MORRIS FRANCE'];11;['Député, sénateur, collaborateur, agents des services des assemblées'];['Economie', 'Finances publiques', 'Santé'];prive:100.0;syndicat:0.0;public:0.0;collectivite:0.0
Demande d’entretien, suite au dépôt de votre question écrite sur la hausse de la prévalence tabagique en France et évaluation des alternatives à la cigarette.;01-01-2023-31-12-2023;FORWARD PARTNERS;10937.5€;['BRITISH AMERICAN TOBACCO FRANCE'];9;['Député, sénateur, collaborateur, agents des services des assemblées'];['Santé'];prive:100.0;syndicat:0.0;public:0.0;collectivite:0.0
Demande d'entretien suite au dépôt d'une question écrite sur la lutte contre le marché parallèle de tabac;01-01-2023-31-12-2023;FORWARD PARTNERS;10937.5€;['BRITISH AMERICAN TOBACCO FRANCE'];9;['Député, sénateur, collaborateur, agents des services des assemblées'];['Santé'];prive:100.0;syndicat:0.0;public:0.0;collectivite:0.0
Demander un encadrement réglementaire et législatif des produits du vapotage et des nouveaux produits du tabac.;01-01-2023-31-12-2023;FORWARD PARTNERS;12152.8€;['BRITISH AMERICAN TOBACCO FRANCE'];10;['Député, sénateur, collaborateur, agents des services des assemblées'];['Santé'];prive:100.0;syndicat:0.0;public:0.0;collectivite:0.0
Envoi d'une note concernant la réunion de préparation de la COP 10 et de la Convention-cadre de l'OMS sur les nouveaux produits de la nicotine;01-01-2023-31-12-2023;FORWARD PARTNERS;14583.3€;['BRITISH AMERICAN TOBACCO FRANCE'];12;['Collaborateur du Président de la République', 'Membre du Gouvernement ou membre de cabinet ministériel', 'Premier ministre', 'Agent de l’État, d’un centre hospitalier, ou d’une collectivité territoriale'];['Santé'];prive:100.0;syndicat:0.0;public:0.0;collectivite:0.0
Evoquer les aspects fiscaux du tabac et la trajectoire fiscale pour les années à venir, l'encadrement législatif et réglementaire mais également fiscal des sachets de nicotine;01-01-2023-31-12-2023;FORWARD PARTNERS;13368.1€;['BRITISH AMERICAN TOBACCO FRANCE'];11;['Collaborateur du Président de la République', 'Premier ministre'];['Santé'];prive:100.0;syndicat:0.0;public:0.0;collectivite:0.0
Demande d'une présentation d'une étude de la société Webdrone, commandée par BAT, sur le rôle des réseaux sociaux dans la mise en place de points de vente en ligne de tabacs;01-01-2023-31-12-2023;FORWARD PARTNERS;12152.8€;['BRITISH AMERICAN TOBACCO FRANCE'];10;['Collaborateur du Président de la République', 'Membre du Gouvernement ou membre de cabinet ministériel', 'Premier ministre'];['Santé'];prive:100.0;syndicat:0.0;public:0.0;collectivite:0.0
PLFSS : demande d'une augmentation des taxes sur les produits du tabac;01-01-2023-31-12-2023;CNCT;518.9€;['CNCT'];11;['Député, sénateur, collaborateur, agents des services des assemblées', 'Membre du Gouvernement ou membre de cabinet ministériel'];['Santé'];prive:0.0;syndicat:0.0;public:100.0;collectivite:0.0
Faire adopter de nouvelles mesures de lutte contre le tabagisme : promouvoir l'interdiction des arômes;01-01-2023-31-12-2023;CNCT;566.0€;['CNCT'];12;["Titulaire d'un emploi à la décision du Gouvernement", 'Député, sénateur, collaborateur, agents des services des assemblées', 'Membre du Gouvernement ou membre de cabinet ministériel', 'Premier ministre'];['Santé'];prive:0.0;syndicat:0.0;public:100.0;collectivite:0.0
Article 5.3 Demander l'adoption de règles permettant de protéger les politiques publiques de l'interférence de l'industrie du tabac;01-01-2023-31-12-2023;CNCT;566.0€;['CNCT'];12;["Titulaire d'un emploi à la décision du Gouvernement", 'Député, sénateur, collaborateur, agents des services des assemblées', 'Membre du Gouvernement ou membre de cabinet ministériel'];['Santé'];prive:0.0;syndicat:0.0;public:100.0;collectivite:0.0
Exclure le secteur tabac du label Investissement socialement responsable;01-01-2023-31-12-2023;CNCT;471.7€;['CNCT'];10;['Député, sénateur, collaborateur, agents des services des assemblées', 'Membre du Gouvernement ou membre de cabinet ministériel'];['Santé'];prive:0.0;syndicat:0.0;public:100.0;collectivite:0.0
Harmoniser la réglementation des produits du tabac dans le domaine des aromes, conditionnements, avertissements sanitaires, fiscalité, ;01-01-2023-31-12-2023;CNCT;471.7€;['CNCT'];10;['Député, sénateur, collaborateur, agents des services des assemblées', 'Membre du Gouvernement ou membre de cabinet ministériel', 'Premier ministre'];['Santé'];prive:0.0;syndicat:0.0;public:100.0;collectivite:0.0
Interdire la mise sur le marché de nouveaux produits à la nicotine non thérapeutique ;01-01-2023-31-12-2023;CNCT;471.7€;['CNCT'];10;['Député, sénateur, collaborateur, agents des services des assemblées', 'Membre du Gouvernement ou membre de cabinet ministériel'];['Santé'];prive:0.0;syndicat:0.0;public:100.0;collectivite:0.0
Mieux encadrer la distribution au détail des produits du vapotage en interdisant la vente en ligne, en imposant une licence;01-01-2023-31-12-2023;CNCT;471.7€;['CNCT'];10;['Député, sénateur, collaborateur, agents des services des assemblées', 'Membre du Gouvernement ou membre de cabinet ministériel', 'Premier ministre'];['Santé'];prive:0.0;syndicat:0.0;public:100.0;collectivite:0.0
Développer les espaces sans tabac avec le développement d'interdictions de fumer;01-01-2023-31-12-2023;CNCT;518.9€;['CNCT'];11;['Député, sénateur, collaborateur, agents des services des assemblées', 'Membre du Gouvernement ou membre de cabinet ministériel', 'Premier ministre'];['Santé', 'Environnement'];prive:0.0;syndicat:0.0;public:100.0;collectivite:0.0
Faire interdire la cigarette électronique jetable et inclure les produits du vapotage dans le dispositif pollueur payeur;01-01-2023-31-12-2023;CNCT;471.7€;['CNCT'];10;['Député, sénateur, collaborateur, agents des services des assemblées', 'Membre du Gouvernement ou membre de cabinet ministériel', 'Premier ministre'];['Santé', 'Environnement'];prive:0.0;syndicat:0.0;public:100.0;collectivite:0.0
Soutenir l'interdiction des filtres des produits du tabac dans les textes internationaux en discussion par les représentants de la France;01-01-2023-31-12-2023;CNCT;471.7€;['CNCT'];10;['Député, sénateur, collaborateur, agents des services des assemblées', 'Membre du Gouvernement ou membre de cabinet ministériel'];['Santé'];prive:0.0;syndicat:0.0;public:100.0;collectivite:0.0
ACTIVITÉS DE CONSEIL POUR DES STRUCTURES PRIVÉES COMPRENANT
DES ÉCHANGES AVEC DES RESPONSABLES PUBLICS NATIONAUX ET
LOCAUX DANS LE DOMAINE DE L'ENVIRONNEMENT (ÉCONOMIE
CIRCULAIRE, RECYCLAGE...);01-01-2023-31-12-2023;ENOTIKO;5000.0€;['ASSOCIATION DES PROFESSIONNELS DE LA LOCATION MEUBLEE', "ASS VAL'HOR", 'BRITISH AMERICAN TOBACCO FRANCE', 'FEDERATION NATIONALE DES BOISSONS', 'COMITE FRANCECLAT', 'VALDELIA'];17;['Député, sénateur, collaborateur, agents des services des assemblées', 'Membre du Gouvernement ou membre de cabinet ministériel', 'Premier ministre'];['Sports, loisirs, tourisme', 'Environnement'];prive:67.0;syndicat:0.0;public:33.0;collectivite:0.0
Préparation du PLFSS pour 2024
Demande du maintien des taux de fiscalité du tabac au même niveau;01-01-2023-31-12-2023;AFTF;18750.0€;['BRITISH AMERICAN TOBACCO FRANCE', 'LANDEWYCK FRANCE', 'POESCHL TOBACCO FRANCE', 'SAS TRADITAB', "SOCIETE NATIONALE D'EXPLOITATION INDUSTRIELLE DES TABACS ET ALLUMETTES", 'VON EICKEN FRANCE'];14;['Membre du Gouvernement ou membre de cabinet ministériel', 'Premier ministre'];['Finances publiques'];prive:100.0;syndicat:0.0;public:0.0;collectivite:0.0
Préparation du PLFSS pour 2024
Demande du maintien des taux de fiscalité du tabac au même niveau;01-01-2023-31-12-2023;ASSOCIATION DES FOURNISSEURS DE CIGARES EN FRANCE;45000.0€;["SOCIETE NATIONALE D'EXPLOITATION INDUSTRIELLE DES TABACS ET ALLUMETTES", 'ARNOLD ANDRE', 'DAVIDOFF OF GENEVA FRANCE', 'BURGER SOHNE TRADING AG', 'COPROVA', 'FLOR DE SELVA', 'J.CORTES FRANCE', 'SCANDINAVIAN TOBACCO  GROUP FRANCE', 'VILLIGER FRANCE'];18;['Membre du Gouvernement ou membre de cabinet ministériel', 'Premier ministre', 'Agent de l’État, d’un centre hospitalier, ou d’une collectivité territoriale'];['Finances publiques'];prive:86.0;syndicat:3.0;public:8.0;collectivite:3.0
Demande de prendre en compte certains formats de blagues, de pots pour les tabacs à pipe, à rouler, à mâcher, à priser et à pipe à eau pour la mise en œuvre de la traçabilité.;01-01-2023-31-12-2023;AFTF;18750.0€;['BRITISH AMERICAN TOBACCO FRANCE', 'LANDEWYCK FRANCE', 'POESCHL TOBACCO FRANCE', 'SAS TRADITAB', "SOCIETE NATIONALE D'EXPLOITATION INDUSTRIELLE DES TABACS ET ALLUMETTES", 'VON EICKEN FRANCE'];14;['Agent de l’État, d’un centre hospitalier, ou d’une collectivité territoriale'];['Défense, sécurité'];prive:100.0;syndicat:0.0;public:0.0;collectivite:0.0
Présenter des propositions pour une meilleure prise en charge des maladies du foie;01-01-2023-31-12-2023;FÉDÉRATION SOS HÉPATITES & MALADIES DU FOIE;38000.0€;['FÉDÉRATION SOS HÉPATITES & MALADIES DU FOIE'];11;["Titulaire d'un emploi à la décision du Gouvernement"];['Santé'];prive:100.0;syndicat:0.0;public:0.0;collectivite:0.0
Communication d'une note demandant l'instauration d'un moratoire fiscal sur la fiscalité tabac pour les années 2024 et 2025 ;01-01-2023-31-12-2023;ASSOCIATION FRANCAISE DES INDUSTRIELS DU TABAC;2291.7€;['ASSOCIATION FRANCAISE DES INDUSTRIELS DU TABAC'];11;['Membre du Gouvernement ou membre de cabinet ministériel', 'Premier ministre', 'Agent de l’État, d’un centre hospitalier, ou d’une collectivité territoriale'];['Finances publiques'];prive:100.0;syndicat:0.0;public:0.0;collectivite:0.0
Communication d'une note demandant l'instauration d'un cadre réglementaire et d'un régime fiscal spécifique aux produits dits de nouvelle génération ;01-01-2023-31-12-2023;ASSOCIATION FRANCAISE DES INDUSTRIELS DU TABAC;2708.3€;['ASSOCIATION FRANCAISE DES INDUSTRIELS DU TABAC'];13;['Membre du Gouvernement ou membre de cabinet ministériel', 'Premier ministre', 'Agent de l’État, d’un centre hospitalier, ou d’une collectivité territoriale'];['Finances publiques'];prive:100.0;syndicat:0.0;public:0.0;collectivite:0.0
Dans le cadre du PJL Douane, demander au Gouvernement la remise d'un rapport annuel au Parlement relatif au marché parallèle des produits du tabac en France;01-01-2023-31-12-2023;JAPAN TOBACCO INTERNATIONAL;20833.3€;['JAPAN TOBACCO INTERNATIONAL'];12;['Député, sénateur, collaborateur, agents des services des assemblées'];['Economie', 'Concurrence, consommation'];prive:100.0;syndicat:0.0;public:0.0;collectivite:0.0
Dans le cadre du PJL Douane, donner aux agents de police municipale le pouvoir de constater l'infraction de vente à la sauvette ;01-01-2023-31-12-2023;JAPAN TOBACCO INTERNATIONAL;20833.3€;['JAPAN TOBACCO INTERNATIONAL'];12;['Député, sénateur, collaborateur, agents des services des assemblées'];['Concurrence, consommation', 'Défense, sécurité'];prive:100.0;syndicat:0.0;public:0.0;collectivite:0.0
Dans le cadre du PJL Douane, impliquer davantage les plateformes de partage de contenus en ligne dans la lutte contre la vente illégale de produits du tabac;01-01-2023-31-12-2023;JAPAN TOBACCO INTERNATIONAL;20833.3€;['JAPAN TOBACCO INTERNATIONAL'];12;['Député, sénateur, collaborateur, agents des services des assemblées'];['Concurrence, consommation', 'Numérique'];prive:100.0;syndicat:0.0;public:0.0;collectivite:0.0
Lutter contre le marché parallèle des produits du tabac qui affecte les politiques de santé publique et les finances publiques;01-01-2023-31-12-2023;BRITISH AMERICAN TOBACCO FRANCE;47468.4€;['BRITISH AMERICAN TOBACCO FRANCE'];15;["Titulaire d'un emploi à la décision du Gouvernement", 'Député, sénateur, collaborateur, agents des services des assemblées', 'Membre du Gouvernement ou membre de cabinet ministériel', 'Premier ministre'];['Economie', 'Finances publiques', 'Défense, sécurité', 'Santé'];prive:100.0;syndicat:0.0;public:0.0;collectivite:0.0
Obtention d'un cadre règlementaire différencié du tabac pour les produits du vapotage dans le Code de la Santé Publique;01-01-2023-31-12-2023;BRITISH AMERICAN TOBACCO FRANCE;56962.0€;['BRITISH AMERICAN TOBACCO FRANCE'];18;["Titulaire d'un emploi à la décision du Gouvernement", 'Collaborateur du Président de la République', 'Député, sénateur, collaborateur, agents des services des assemblées', 'Membre du Gouvernement ou membre de cabinet ministériel', 'Agent de l’État, d’un centre hospitalier, ou d’une collectivité territoriale'];['Santé'];prive:100.0;syndicat:0.0;public:0.0;collectivite:0.0
Fiscalité des produits du tabac manufacturé - Nécessité d'avoir un moratoire fiscal lors du PLF/PLFSS;01-01-2023-31-12-2023;BRITISH AMERICAN TOBACCO FRANCE;47468.4€;['BRITISH AMERICAN TOBACCO FRANCE'];15;["Titulaire d'un emploi à la décision du Gouvernement", 'Député, sénateur, collaborateur, agents des services des assemblées', 'Membre du Gouvernement ou membre de cabinet ministériel', 'Premier ministre'];['Economie', 'Finances publiques', 'Santé'];prive:100.0;syndicat:0.0;public:0.0;collectivite:0.0
Elaboration d'une filière REP des produits du tabac:contribuer à la gestion quotidienne de la filière afin d’assurer une couverture du territoire et réduire la présence des mégots dans l’espace public;01-01-2023-31-12-2023;BRITISH AMERICAN TOBACCO FRANCE;47468.4€;['BRITISH AMERICAN TOBACCO FRANCE'];15;['Membre du Gouvernement ou membre de cabinet ministériel'];['Environnement'];prive:100.0;syndicat:0.0;public:0.0;collectivite:0.0
Obtention d'un cadre règlementaire différencié du tabac pour les produits à nocivité potentiellement réduite (sachets de nicotine) dans le Code de la Santé Publique;01-01-2023-31-12-2023;BRITISH AMERICAN TOBACCO FRANCE;50632.9€;['BRITISH AMERICAN TOBACCO FRANCE'];16;["Titulaire d'un emploi à la décision du Gouvernement", 'Député, sénateur, collaborateur, agents des services des assemblées', 'Membre du Gouvernement ou membre de cabinet ministériel', 'Agent de l’État, d’un centre hospitalier, ou d’une collectivité territoriale'];['Finances publiques', 'Santé'];prive:100.0;syndicat:0.0;public:0.0;collectivite:0.0
Demande de prendre en compte certains formats de boites de cigares et cigarillos pour la mise en œuvre de la traçabilité.;01-01-2023-31-12-2023;ASSOCIATION DES FOURNISSEURS DE CIGARES EN FRANCE;42500.0€;["SOCIETE NATIONALE D'EXPLOITATION INDUSTRIELLE DES TABACS ET ALLUMETTES", 'ARNOLD ANDRE', 'DAVIDOFF OF GENEVA FRANCE', 'BURGER SOHNE TRADING AG', 'COPROVA', 'FLOR DE SELVA', 'J.CORTES FRANCE', 'SCANDINAVIAN TOBACCO  GROUP FRANCE', 'VILLIGER FRANCE'];17;['Membre du Gouvernement ou membre de cabinet ministériel'];['Défense, sécurité'];prive:86.0;syndicat:3.0;public:8.0;collectivite:3.0
Accises sur les produits du tabac - Eviter la mise en place d'une taxe sur les produits du vapotage;01-01-2023-31-12-2023;FIVAPE - FÉDÉRATION INTERPROFESSIONNELLE DE LA VAPE;45000.0€;['FIVAPE - FÉDÉRATION INTERPROFESSIONNELLE DE LA VAPE'];12;['Collaborateur du Président de la République', 'Membre du Gouvernement ou membre de cabinet ministériel'];['Santé'];prive:100.0;syndicat:0.0;public:0.0;collectivite:0.0
Viser à faire intégrer dans le PLFSS un amendement relatif à la taxation du tabac à chauffer ;01-07-2022-30-06-2023;ERNST & YOUNG SOCIETE D' AVOCATS;2500.0€;['PHILIP MORRIS FRANCE'];10;['Député, sénateur, collaborateur, agents des services des assemblées', 'Membre du Gouvernement ou membre de cabinet ministériel', 'Premier ministre'];['Taxes'];prive:100.0;syndicat:0.0;public:0.0;collectivite:0.0
Viser à faire intégrer un amendement relatif à la fiscalité applicable aux produits nicotinés ;01-07-2022-30-06-2023;ERNST & YOUNG SOCIETE D' AVOCATS;2500.0€;['BRITISH AMERICAN TOBACCO FRANCE'];10;['Député, sénateur, collaborateur, agents des services des assemblées', 'Membre du Gouvernement ou membre de cabinet ministériel', 'Premier ministre'];['Taxes'];prive:100.0;syndicat:0.0;public:0.0;collectivite:0.0
Faire inscrire dans la loi l'interdiction des cigarettes électroniques jetables;01-01-2023-31-12-2023;ALLIANCE CONTRE LE TABAC;4666.7€;['ALLIANCE CONTRE LE TABAC'];12;['Député, sénateur, collaborateur, agents des services des assemblées', 'Membre du Gouvernement ou membre de cabinet ministériel', 'Premier ministre'];['Santé', 'Environnement'];prive:100.0;syndicat:0.0;public:0.0;collectivite:0.0
Alerter sur le développement des nouveaux produits de la nicotine;01-01-2023-31-12-2023;ALLIANCE CONTRE LE TABAC;3500.0€;['ALLIANCE CONTRE LE TABAC'];9;['Membre du Gouvernement ou membre de cabinet ministériel'];['Santé'];prive:100.0;syndicat:0.0;public:0.0;collectivite:0.0
Demander l'interdiction de consommation des produits du tabac lors des évènements sportifs;01-01-2023-31-12-2023;ALLIANCE CONTRE LE TABAC;4666.7€;['ALLIANCE CONTRE LE TABAC'];12;['Agent de l’État, d’un centre hospitalier, ou d’une collectivité territoriale', 'Député, sénateur, collaborateur, agents des services des assemblées', 'Membre du Gouvernement ou membre de cabinet ministériel'];['Sports, loisirs, tourisme', 'Santé'];prive:100.0;syndicat:0.0;public:0.0;collectivite:0.0
PLFSS 2024 : demander l'augmentation de la fiscalité sur l'ensemble des produits du tabac;01-01-2023-31-12-2023;ALLIANCE CONTRE LE TABAC;4666.7€;['ALLIANCE CONTRE LE TABAC'];12;['Membre du Gouvernement ou membre de cabinet ministériel', 'Premier ministre'];['Finances publiques', 'Santé'];prive:100.0;syndicat:0.0;public:0.0;collectivite:0.0
PLFSS 2024 : Proposer une annulation de la hausse fiscalité applicable aux produits du tabac;01-01-2023-31-12-2023;STRATEGIES & PUBLICS;64.7€;["SOCIETE NATIONALE D'EXPLOITATION INDUSTRIELLE DES TABACS ET ALLUMETTES"];9;['Député, sénateur, collaborateur, agents des services des assemblées'];['Finances publiques', 'Concurrence, consommation'];prive:100.0;syndicat:0.0;public:0.0;collectivite:0.0
Demander la promotion du vapotage dans les politiques de lutte contre le tabagisme;01-10-2022-30-09-2023;SEITA;153947.4€;['SEITA'];13;["Titulaire d'un emploi à la décision du Gouvernement", 'Collaborateur du Président de la République', 'Député, sénateur, collaborateur, agents des services des assemblées'];['Santé'];prive:100.0;syndicat:0.0;public:0.0;collectivite:0.0
Demander la prise en compte de la croissance du marché parallèle en lien avec les hausses fiscales sur les produits du tabac;01-10-2022-30-09-2023;SEITA;153947.4€;['SEITA'];13;["Titulaire d'un emploi à la décision du Gouvernement", 'Député, sénateur, collaborateur, agents des services des assemblées', 'Membre du Gouvernement ou membre de cabinet ministériel'];['Propriété intellectuelle', 'Finances publiques', 'Défense, sécurité'];prive:100.0;syndicat:0.0;public:0.0;collectivite:0.0
PLFSS : Demander un gel des hausses fiscales sur les produits du tabac;01-10-2022-30-09-2023;SEITA;142105.3€;['SEITA'];12;['Député, sénateur, collaborateur, agents des services des assemblées', 'Membre du Gouvernement ou membre de cabinet ministériel', 'Premier ministre'];['Finances publiques'];prive:100.0;syndicat:0.0;public:0.0;collectivite:0.0
Sensibiliser les pouvoirs publics au rôle du vapotage en matière de politique de santé publique de lutte contre le tabagisme ;01-01-2023-31-12-2023;FRANCE VAPOTAGE;6740.2€;['INNOVA SARL', "SOCIETE NATIONALE D'EXPLOITATION INDUSTRIELLE DES TABACS ET ALLUMETTES", 'REPUBLIC TECHNOLOGIES FRANCE SAS', 'BRITISH AMERICAN TOBACCO FRANCE', 'LANDEWYCK FRANCE', 'FRANCE VAPOTAGE', 'BIO CONCEPT', 'POLYFLAME EUROPE', 'RELX INTERNATIONAL'];22;['Collaborateur du Président de la République', 'Député, sénateur, collaborateur, agents des services des assemblées', 'Membre du Gouvernement ou membre de cabinet ministériel', 'Premier ministre'];['Economie', 'Emploi, solidarité', 'Finances publiques', 'Santé'];prive:92.0;syndicat:3.0;public:3.0;collectivite:3.0
Etre contre la création d'un droit d'accise pour l'ensemble des produits du vapotage ;01-01-2023-31-12-2023;FRANCE VAPOTAGE;8578.4€;["SOCIETE NATIONALE D'EXPLOITATION INDUSTRIELLE DES TABACS ET ALLUMETTES", 'BRITISH AMERICAN TOBACCO FRANCE', 'LANDEWYCK FRANCE', 'FRANCE VAPOTAGE', 'CIGARETTE ELECTRONIQUE FRANCAISE', 'BIO CONCEPT', 'INNOVA SARL', 'POLYFLAME EUROPE', 'RELX INTERNATIONAL'];28;["Titulaire d'un emploi à la décision du Gouvernement", 'Collaborateur du Président de la République', 'Député, sénateur, collaborateur, agents des services des assemblées', 'Membre du Gouvernement ou membre de cabinet ministériel', 'Premier ministre', 'Direction autorité administrative ou publique indépendante', 'Agent de l’État, d’un centre hospitalier, ou d’une collectivité territoriale'];['Economie', 'Finances publiques', 'Concurrence, consommation', 'Santé'];prive:92.0;syndicat:3.0;public:3.0;collectivite:3.0
Démontrer les atouts du vapotage comme outil de réduction des risques dans le cadre d'une politique de santé publique de lutte contre le tabac. ;01-01-2023-31-12-2023;FRANCE VAPOTAGE;9191.2€;["SOCIETE NATIONALE D'EXPLOITATION INDUSTRIELLE DES TABACS ET ALLUMETTES", 'BRITISH AMERICAN TOBACCO FRANCE', 'LANDEWYCK FRANCE', 'FRANCE VAPOTAGE', 'VAPE CELLAR', 'CIGARETTE ELECTRONIQUE FRANCAISE', 'BIO CONCEPT', 'INNOVA SARL', 'GREEN LIQUIDES', 'POLYFLAME EUROPE', 'RELX INTERNATIONAL'];30;["Titulaire d'un emploi à la décision du Gouvernement", 'Collaborateur du Président de la République', 'Député, sénateur, collaborateur, agents des services des assemblées', 'Membre du Gouvernement ou membre de cabinet ministériel', 'Premier ministre', 'Direction autorité administrative ou publique indépendante', 'Agent de l’État, d’un centre hospitalier, ou d’une collectivité territoriale'];['Economie', 'Emploi, solidarité', 'Finances publiques', 'Concurrence, consommation', 'Santé'];prive:93.0;syndicat:2.0;public:2.0;collectivite:2.0
Instaurer une réglementation pour les e-liquides non nicotinés conforme à celle en vigueur pour les e-liquides nicotinés. ;01-01-2023-31-12-2023;FRANCE VAPOTAGE;9191.2€;["SOCIETE NATIONALE D'EXPLOITATION INDUSTRIELLE DES TABACS ET ALLUMETTES", 'BRITISH AMERICAN TOBACCO FRANCE', 'LANDEWYCK FRANCE', 'FRANCE VAPOTAGE', 'VAPE CELLAR', 'CIGARETTE ELECTRONIQUE FRANCAISE', 'BIO CONCEPT', 'INNOVA SARL', 'GREEN LIQUIDES', 'POLYFLAME EUROPE', 'RELX INTERNATIONAL'];30;["Titulaire d'un emploi à la décision du Gouvernement", 'Collaborateur du Président de la République', 'Député, sénateur, collaborateur, agents des services des assemblées', 'Membre du Gouvernement ou membre de cabinet ministériel', 'Premier ministre', 'Agent de l’État, d’un centre hospitalier, ou d’une collectivité territoriale'];['Economie', 'Finances publiques', 'Concurrence, consommation', 'Pouvoirs publics et institutions', 'Santé'];prive:93.0;syndicat:2.0;public:2.0;collectivite:2.0
Veiller à ce que l'interdiction des cigarettes électroniques à usage unique concerne strictement ce produit. ;01-01-2023-31-12-2023;FRANCE VAPOTAGE;7965.7€;["SOCIETE NATIONALE D'EXPLOITATION INDUSTRIELLE DES TABACS ET ALLUMETTES", 'BRITISH AMERICAN TOBACCO FRANCE', 'LANDEWYCK FRANCE', 'FRANCE VAPOTAGE', 'VAPE CELLAR', 'CIGARETTE ELECTRONIQUE FRANCAISE', 'BIO CONCEPT', 'INNOVA SARL', 'GREEN LIQUIDES', 'POLYFLAME EUROPE', 'RELX INTERNATIONAL'];26;['Membre du Gouvernement ou membre de cabinet ministériel', 'Premier ministre'];['Economie', 'Finances publiques', 'Concurrence, consommation', 'Pouvoirs publics et institutions', 'Santé'];prive:93.0;syndicat:2.0;public:2.0;collectivite:2.0
Instaurer une réglementation adaptée pour le secteur du vapotage décorellée de celle actuelle des produits du tabac.;01-01-2023-31-12-2023;FRANCE VAPOTAGE;7659.3€;["SOCIETE NATIONALE D'EXPLOITATION INDUSTRIELLE DES TABACS ET ALLUMETTES", 'BRITISH AMERICAN TOBACCO FRANCE', 'LANDEWYCK FRANCE', 'FRANCE VAPOTAGE', 'VAPE CELLAR', 'CIGARETTE ELECTRONIQUE FRANCAISE', 'BIO CONCEPT', 'INNOVA SARL', 'GREEN LIQUIDES', 'POLYFLAME EUROPE', 'RELX INTERNATIONAL'];25;['Membre du Gouvernement ou membre de cabinet ministériel', 'Premier ministre'];['Economie', 'Finances publiques', 'Concurrence, consommation', 'Pouvoirs publics et institutions', 'Santé'];prive:93.0;syndicat:2.0;public:2.0;collectivite:2.0
Inscrire dans la loi ou par voie réglementaire la possibilité d'une réglementation adaptée pour les produits du Vapotage;01-01-2023-31-12-2023;FRANCE VAPOTAGE;6740.2€;["SOCIETE NATIONALE D'EXPLOITATION INDUSTRIELLE DES TABACS ET ALLUMETTES", 'BRITISH AMERICAN TOBACCO FRANCE', 'LANDEWYCK FRANCE', 'FRANCE VAPOTAGE', 'BIO CONCEPT', 'INNOVA SARL', 'POLYFLAME EUROPE', 'RELX INTERNATIONAL'];22;["Titulaire d'un emploi à la décision du Gouvernement", 'Collaborateur du Président de la République', 'Député, sénateur, collaborateur, agents des services des assemblées', 'Membre du Gouvernement ou membre de cabinet ministériel', 'Premier ministre'];['Economie', 'Finances publiques', 'Santé'];prive:91.0;syndicat:3.0;public:3.0;collectivite:3.0
Informer sur les potentielles conséquences d'une fiscalité dédiée au secteur du vapotage, notamment dans le cadre de la révision de la Directive EUTPD sur les produits du tabac (2014/40/UE) ;01-01-2023-31-12-2023;FRANCE VAPOTAGE;6433.8€;["SOCIETE NATIONALE D'EXPLOITATION INDUSTRIELLE DES TABACS ET ALLUMETTES", 'BRITISH AMERICAN TOBACCO FRANCE', 'LANDEWYCK FRANCE', 'FRANCE VAPOTAGE', 'BIO CONCEPT', 'INNOVA SARL', 'POLYFLAME EUROPE', 'RELX INTERNATIONAL'];21;["Titulaire d'un emploi à la décision du Gouvernement", 'Collaborateur du Président de la République', 'Député, sénateur, collaborateur, agents des services des assemblées', 'Membre du Gouvernement ou membre de cabinet ministériel', 'Premier ministre'];['Finances publiques'];prive:91.0;syndicat:3.0;public:3.0;collectivite:3.0